,City,Country,Date,Latitude,Longitude,Cloudiness (%),Humidity (%),Max Temp (F),Wind Speed (mph)
0,mataura,NZ,2020-09-02 21:47:59,-46.19,168.86,50,44,58.02799999999996,1.26
1,vaini,TO,2020-09-02 21:47:59,-21.2,-175.2,75,88,73.66999999999996,5.1
2,nuuk,GL,2020-09-02 21:47:59,64.18,-51.72,11,58,44.86999999999996,5.1
3,atuona,PF,2020-09-02 21:47:59,-9.8,-139.03,7,78,79.23200000000003,10.38
4,kapaa,US,2020-09-02 21:46:46,22.08,-159.32,75,69,81.26600000000002,5.7
5,butaritari,KI,2020-09-02 21:47:59,3.07,172.79,100,73,83.87599999999999,5.85
6,torbay,CA,2020-09-02 21:48:00,47.67,-52.73,90,71,56.26400000000004,5.7
7,henties bay,NA,2020-09-02 21:48:00,-22.12,14.28,0,88,49.26199999999996,2.37
8,pangnirtung,CA,2020-09-02 21:48:00,66.15,-65.71,99,70,47.08399999999999,3.37
9,leningradskiy,RU,2020-09-02 21:48:00,69.38,178.42,83,82,36.82400000000001,2.34
10,mys shmidta,,,,,,,,
11,guerrero negro,MX,2020-09-02 21:48:01,27.98,-114.06,0,73,74.15600000000003,6.93
12,oussouye,SN,2020-09-02 21:48:01,12.48,-16.55,100,100,77.26999999999995,1
13,east london,ZA,2020-09-02 21:48:01,-33.02,27.91,70,64,66.72200000000004,4.16
14,verkh-usugli,RU,2020-09-02 21:48:01,52.7,115.17,0,58,62.20399999999995,1.89
15,ijui,BR,2020-09-02 21:48:02,-28.39,-53.91,90,87,57.469999999999956,6.7
16,ugoofaaru,MV,2020-09-02 21:48:02,5.67,73,100,81,81.80600000000004,8.03
17,raudeberg,NO,2020-09-02 21:41:00,61.99,5.14,92,55,63.266000000000005,10.66
18,kloulklubed,PW,2020-09-02 21:48:02,7.04,134.26,75,70,88.06999999999996,3.6
19,ushuaia,AR,2020-09-02 21:48:02,-54.8,-68.3,75,74,37.66999999999996,0.66
20,saint-philippe,RE,2020-09-02 21:48:02,-21.36,55.77,15,72,66.46999999999997,2.1
21,albany,US,2020-09-02 21:47:56,42.6,-73.97,100,89,74.26400000000004,2.05
22,tasiilaq,GL,2020-09-02 21:48:03,65.61,-37.64,97,94,39.469999999999956,3.6
23,provideniya,RU,2020-09-02 21:48:03,64.38,-173.3,75,66,48.469999999999956,3
24,kuching,MY,2020-09-02 21:43:30,1.55,110.33,20,94,79.06999999999996,1
25,qaanaaq,GL,2020-09-02 21:48:03,77.48,-69.36,0,77,24.835999999999967,2.85
26,verkhoyansk,RU,2020-09-02 21:48:04,67.54,133.38,44,40,58.51400000000004,1.62
27,rikitea,PF,2020-09-02 21:48:04,-23.12,-134.97,13,84,70.60999999999999,8.25
28,narsaq,GL,2020-09-02 21:48:04,60.92,-46.05,0,48,44.86999999999996,2.1
29,ancud,CL,2020-09-02 21:48:04,-41.87,-73.82,100,93,48.272000000000034,0.89
30,busselton,AU,2020-09-02 21:48:04,-33.65,115.33,82,78,59.26999999999996,1.34
31,cape town,ZA,2020-09-02 21:39:00,-33.93,18.42,75,87,60.27799999999996,6.7
32,nantucket,US,2020-09-02 21:47:36,41.28,-70.1,90,94,70.06999999999996,6.2
33,honiara,SB,2020-09-02 21:48:05,-9.43,159.95,40,63,91.66999999999996,1.5
34,carnarvon,AU,2020-09-02 21:48:05,-24.87,113.63,16,59,66.46999999999997,7.7
35,ribeira grande,PT,2020-09-02 21:48:06,38.52,-28.7,81,80,73.59800000000003,3.94
36,airai,TL,2020-09-02 21:48:06,-8.93,125.41,38,37,78.61999999999996,2.65
37,ngukurr,,,,,,,,
38,sarh,TD,2020-09-02 21:48:06,9.14,18.39,92,95,71.18599999999998,1.24
39,porto novo,BJ,2020-09-02 21:48:06,6.5,2.6,90,94,77.26999999999995,6.2
40,luderitz,NA,2020-09-02 21:48:06,-26.65,15.16,0,57,53.45600000000003,2.78
41,ambilobe,MG,2020-09-02 21:41:24,-13.2,49.05,2,88,63.266000000000005,1.23
42,sabha,LY,2020-09-02 21:48:07,27.04,14.43,0,14,85.316,7.77
43,illoqqortoormiut,,,,,,,,
44,tarnogskiy gorodok,RU,2020-09-02 21:48:07,60.5,43.58,0,91,43.285999999999966,1.04
45,sao joao da barra,BR,2020-09-02 21:41:27,-21.64,-41.05,0,87,71.50999999999999,4.12
46,sentyabrskiy,,,,,,,,
47,puerto ayora,EC,2020-09-02 21:48:08,-0.74,-90.35,89,90,66.27200000000005,0.89
48,san bartolome de tirajana,ES,2020-09-02 21:48:08,27.92,-15.57,20,78,71.86999999999996,5.1
49,altamira,BR,2020-09-02 21:48:08,-3.2,-52.21,4,57,77.37799999999996,1.21
50,barentsburg,,,,,,,,
51,margate,GB,2020-09-02 21:48:08,51.38,1.39,100,80,62.27599999999999,1.79
52,chapleau,CA,2020-09-02 21:48:08,47.84,-83.4,20,76,55.66999999999996,2.1
53,georgetown,MY,2020-09-02 21:43:14,5.41,100.34,20,88,84.46999999999997,1
54,portland,US,2020-09-02 21:39:03,45.52,-122.68,1,40,88.26799999999999,4.6
55,kirillov,RU,2020-09-02 21:48:09,59.86,38.38,22,94,44.94199999999999,2.17
56,bambous virieux,MU,2020-09-02 21:48:09,-20.34,57.76,75,94,69.27799999999996,1.5
57,khatanga,RU,2020-09-02 21:48:09,71.97,102.5,100,66,48.30800000000001,7.95
58,hamilton,US,2020-09-02 21:43:53,39.18,-84.53,90,83,78.27799999999996,2.1
59,sao filipe,CV,2020-09-02 21:48:10,14.9,-24.5,78,84,78.60199999999998,5.97
60,bousso,TD,2020-09-02 21:48:10,10.48,16.71,100,94,72.75199999999998,2.07
61,saint-denis,FR,2020-09-02 21:48:10,48.92,2.33,100,67,64.27400000000002,1
62,gorontalo,ID,2020-09-02 21:48:10,0.54,123.06,97,65,87.40399999999995,1.06
63,helsinki,FI,2020-09-02 21:45:50,60.17,24.94,75,93,61.26799999999999,4.1
64,sinazongwe,ZM,2020-09-02 21:40:30,-17.26,27.46,22,65,69.04399999999998,2.69
65,norman wells,CA,2020-09-02 21:48:11,65.28,-126.83,75,93,52.069999999999965,2.6
66,klaksvik,FO,2020-09-02 21:48:11,62.23,-6.59,32,100,52.069999999999965,6.7
67,awjilah,LY,2020-09-02 21:48:11,29.11,21.29,0,23,80.49199999999999,3.19
68,coquimbo,CL,2020-09-02 21:48:11,-29.95,-71.34,50,87,52.069999999999965,2.1
69,bismarck,US,2020-09-02 21:43:59,46.81,-100.78,20,49,73.66999999999996,17.5
70,bluff,NZ,2020-09-02 21:48:11,-46.6,168.33,95,64,53.167999999999985,2.45
71,angoram,PG,2020-09-02 21:48:12,-4.06,144.07,54,57,91.00399999999996,1.4
72,hilo,US,2020-09-02 21:48:12,19.73,-155.09,1,58,82.66999999999996,4.1
73,mar del plata,AR,2020-09-02 21:48:12,-38,-57.56,90,100,47.26400000000003,6.2
74,kichera,RU,2020-09-02 21:48:12,55.94,110.1,99,78,56.89399999999998,1.53
75,awbari,LY,2020-09-02 21:48:13,26.59,12.78,0,15,83.49800000000002,4.01
76,brigantine,US,2020-09-02 21:48:13,39.41,-74.36,1,83,79.06999999999996,3.6
77,fukue,JP,2020-09-02 21:48:13,32.69,128.84,40,74,80.86999999999996,6.2
78,hermanus,ZA,2020-09-02 21:48:13,-34.42,19.23,40,95,55.274000000000015,3.58
79,taolanaro,,,,,,,,
80,sitka,US,2020-09-02 21:48:14,57.05,-135.33,90,93,53.86999999999996,2.1
81,esperance,AU,2020-09-02 21:48:14,-33.87,121.9,24,71,55.66999999999996,6.2
82,los llanos de aridane,ES,2020-09-02 21:48:14,28.66,-17.92,1,83,70.06999999999996,3.6
83,felidhoo,,,,,,,,
84,bhanpura,IN,2020-09-02 21:48:14,24.51,75.75,100,84,78.44000000000003,0.91
85,saskylakh,RU,2020-09-02 21:48:14,71.92,114.08,100,68,50.18000000000004,3.81
86,andenes,NO,2020-09-02 21:48:15,69.31,16.12,100,87,52.069999999999965,5.1
87,tuktoyaktuk,CA,2020-09-02 21:48:15,69.45,-133.04,75,87,53.86999999999996,2.6
88,tsihombe,,,,,,,,
89,chokurdakh,RU,2020-09-02 21:48:15,70.63,147.92,51,63,43.51999999999996,4.8
90,celestun,MX,2020-09-02 21:48:15,20.87,-90.4,34,74,84.79399999999998,7.31
91,pulawy,PL,2020-09-02 21:48:16,51.42,21.97,0,10,54.266000000000005,2.69
92,nogliki,RU,2020-09-02 21:48:16,51.83,143.17,100,85,66.65,2.37
93,berlevag,NO,2020-09-02 21:41:24,70.86,29.09,100,76,52.538000000000046,7.2
94,new norfolk,AU,2020-09-02 21:48:16,-42.78,147.06,34,58,62.27599999999999,1.79
95,beya,RU,2020-09-02 21:48:16,53.05,90.91,7,63,66.52400000000002,2.47
96,kumi,KR,2020-09-02 21:48:16,36.11,128.34,90,61,82.66999999999996,3.6
97,punta arenas,CL,2020-09-02 21:48:17,-53.15,-70.92,28,88,35.86999999999996,3.1
98,taksimo,RU,2020-09-02 21:48:17,56.34,114.88,98,61,61.196000000000055,1.3
99,puerto el triunfo,SV,2020-09-02 21:48:17,13.28,-88.55,40,88,80.86999999999996,2.6
100,frontera,MX,2020-09-02 21:48:17,26.93,-101.45,100,50,90.26600000000002,3.16
101,dingle,PH,2020-09-02 21:48:17,11,122.67,65,70,87.42200000000004,0.92
102,anadyr,RU,2020-09-02 21:48:18,64.75,177.48,40,61,50.26999999999996,5
103,port alfred,ZA,2020-09-02 21:48:18,-33.59,26.89,0,39,61.95199999999998,5.12
104,broome,US,2020-09-02 21:48:18,42.25,-75.83,90,100,72.26600000000002,3.6
105,sechura,PE,2020-09-02 21:48:18,-5.56,-80.82,0,76,62.24000000000002,7.6
106,bredasdorp,ZA,2020-09-02 21:48:18,-34.53,20.04,12,82,57.469999999999956,3.6
107,port elizabeth,ZA,2020-09-02 21:48:19,-33.92,25.57,0,66,50.26999999999996,2.1
108,yerofey pavlovich,RU,2020-09-02 21:48:19,53.97,121.97,0,55,66.10999999999999,1.21
109,nanortalik,GL,2020-09-02 21:48:19,60.14,-45.24,0,71,42.98000000000004,2.42
110,pisco,PE,2020-09-02 21:48:19,-13.7,-76.22,0,82,62.27599999999999,1.5
111,hobart,AU,2020-09-02 21:43:49,-42.88,147.33,40,51,61.26799999999999,3.6
112,lompoc,US,2020-09-02 21:43:45,34.64,-120.46,1,72,64.66999999999996,6.2
113,dikson,RU,2020-09-02 21:48:20,73.51,80.55,1,84,41.41400000000003,4.57
114,vaitupu,,,,,,,,
115,lamas,PE,2020-09-02 21:48:20,-6.42,-76.53,9,81,66.34399999999997,1.21
116,formoso do araguaia,,,,,,,,
117,arraial do cabo,BR,2020-09-02 21:48:20,-22.97,-42.03,0,89,70.934,6.82
118,ust-nera,RU,2020-09-02 21:48:21,64.57,143.2,93,54,52.95199999999998,0.71
119,nhulunbuy,AU,2020-09-02 21:48:21,-12.23,136.77,40,65,82.66999999999996,6.7
120,camacha,PT,2020-09-02 21:48:21,33.08,-16.33,40,73,70.06999999999996,2.6
121,chatrapur,IN,2020-09-02 21:48:21,19.35,84.98,82,75,82.58000000000004,1.33
122,tumannyy,,,,,,,,
123,pangai,TO,2020-09-02 21:48:21,-19.8,-174.35,75,83,80.86999999999996,3.6
124,palmares,BR,2020-09-02 21:48:22,-8.68,-35.59,10,93,66.93800000000005,1.68
125,puerto narino,CO,2020-09-02 21:48:22,-3.77,-70.38,46,94,79.06999999999996,0.52
126,karratha,AU,2020-09-02 21:38:07,-20.74,116.85,0,15,84.77599999999998,5.94
127,papara,BR,2020-09-02 21:48:22,-3.98,-38.73,45,78,79.26799999999999,5.1
128,nkhotakota,MW,2020-09-02 21:48:23,-12.93,34.3,100,73,71.25800000000001,7.06
129,naze,JP,2020-09-02 21:48:23,28.37,129.48,75,74,88.06999999999996,3.1
130,tautira,PF,2020-09-02 21:48:23,-17.73,-149.15,20,62,86.26999999999995,3.1
131,buncrana,IE,2020-09-02 21:48:23,55.13,-7.45,100,89,56.227999999999966,4.78
132,cabo rojo,PR,2020-09-02 21:48:23,18.09,-67.15,2,89,84.27200000000005,4.06
133,barrow,US,2020-09-02 21:47:39,71.29,-156.79,90,86,39.469999999999956,8.7
134,acapulco,MX,2020-09-02 21:48:24,16.86,-99.89,20,74,84.46999999999997,1.5
135,santa rosa,PH,2020-09-02 21:48:24,14.31,121.11,100,70,90.26600000000002,2.1
136,manta,EC,2020-09-02 21:46:21,-0.95,-80.73,75,83,71.86999999999996,5.7
137,te anau,NZ,2020-09-02 21:48:24,-45.42,167.72,95,60,54.158,1.32
138,yuzhne,UA,2020-09-02 21:48:24,46.62,31.1,100,68,66.46999999999997,2.48
139,xiongzhou,CN,2020-09-02 21:48:25,25.12,114.3,0,47,88.28599999999997,2.24
140,bodo,NO,2020-09-02 21:46:37,67.28,14.4,0,67,60.27799999999996,6.2
141,odweyne,SO,2020-09-02 21:48:25,9.41,45.06,1,57,73.36400000000003,4.02
142,pevek,RU,2020-09-02 21:48:25,69.7,170.31,99,82,37.32799999999996,5.08
143,souillac,MU,2020-09-02 21:48:25,-20.52,57.52,75,94,68.26999999999995,1.5
144,lavrentiya,RU,2020-09-02 21:48:26,65.58,-171,100,73,42.08000000000004,3.57
145,lebu,CL,2020-09-02 21:48:26,-37.62,-73.65,100,81,46.688000000000045,2.87
146,vila velha,BR,2020-09-02 21:48:26,-20.33,-40.29,40,94,68.26999999999995,1
147,deer lake,CA,2020-09-02 21:48:27,49.17,-57.43,75,82,55.66999999999996,5.7
148,jujuy,,,,,,,,
149,castro,BR,2020-09-02 21:48:27,-24.79,-50.01,11,97,57.61400000000003,2.47
150,ucluelet,CA,2020-09-02 21:45:35,48.93,-125.55,40,72,66.46999999999997,4.1
151,snasa,NO,2020-09-02 21:48:27,64.25,12.38,0,72,50.648000000000025,3.59
152,saint-pierre,RE,2020-09-02 21:48:27,-21.34,55.48,28,72,66.46999999999997,2.1
153,stephenville crossing,CA,2020-09-02 21:48:28,48.5,-58.43,75,76,57.469999999999956,5.7
154,saint george,US,2020-09-02 21:47:09,37.1,-113.58,1,10,98.86999999999996,6.2
155,bolungarvik,,,,,,,,
156,samarai,PG,2020-09-02 21:41:08,-10.62,150.67,71,87,78.70999999999998,7.62
157,slavyanka,RU,2020-09-02 21:48:28,42.86,131.38,100,94,70.62799999999996,14.74
158,cancun,MX,2020-09-02 21:45:07,21.17,-86.85,75,83,84.27200000000005,1.5
159,ostrovnoy,RU,2020-09-02 21:40:37,68.05,39.51,100,78,50.12599999999999,7.33
160,hithadhoo,MV,2020-09-02 21:48:29,-0.6,73.08,100,72,82.30999999999997,4.91
161,sioux lookout,CA,2020-09-02 21:48:29,50.1,-91.92,90,77,59.26999999999996,3.1
162,varaklani,,,,,,,,
163,ust-kamchatsk,,,,,,,,
164,chuy,UY,2020-09-02 21:48:29,-33.7,-53.46,100,93,60.20600000000003,7.32
165,alofi,NU,2020-09-02 21:48:29,-19.06,-169.92,75,37,84.46999999999997,6.2
166,palabuhanratu,,,,,,,,
167,savannah bight,HN,2020-09-02 21:48:30,16.45,-85.85,100,84,78.96199999999996,10.89
168,sao luis de montes belos,BR,2020-09-02 21:48:30,-16.52,-50.37,31,38,68.26999999999995,1.44
169,houma,US,2020-09-02 21:44:20,29.6,-90.72,0,81,83.26400000000004,2.22
170,cabedelo,BR,2020-09-02 21:48:30,-6.98,-34.83,20,100,71.86999999999996,2.6
171,jumla,NP,2020-09-02 21:41:06,29.27,82.18,65,63,67.40600000000003,0.4
172,lasa,IT,2020-09-02 21:48:30,46.62,10.7,5,100,46.66999999999996,2.1
173,cabo san lucas,MX,2020-09-02 21:44:43,22.89,-109.91,20,69,84.27200000000005,4.6
174,kodiak,US,2020-09-02 21:48:31,57.79,-152.41,90,76,55.66999999999996,2.6
175,pilar,BR,2020-09-02 21:48:31,-9.6,-35.96,20,83,71.86999999999996,1.5
176,moree,AU,2020-09-02 21:48:31,-29.47,149.85,0,41,75.46999999999997,7.2
177,onguday,RU,2020-09-02 21:48:32,50.75,86.15,0,51,61.34000000000002,1.37
178,lushunkou,,,,,,,,
179,obluche,,,,,,,,
180,paracatu,BR,2020-09-02 21:48:32,-17.22,-46.87,0,47,63.55399999999995,0.69
181,cuamba,MZ,2020-09-02 21:48:32,-14.8,36.54,44,84,63.067999999999984,2.64
182,karaul,,,,,,,,
183,ponta do sol,PT,2020-09-02 21:48:32,32.67,-17.1,40,73,71.86999999999996,4.1
184,komsomolskiy,UZ,2020-09-02 21:48:33,40.43,71.72,88,36,75.46999999999997,3.1
185,novoagansk,RU,2020-09-02 21:48:33,61.94,76.66,100,92,47.69600000000005,5.84
186,umzimvubu,,,,,,,,
187,thompson,CA,2020-09-02 21:45:03,55.74,-97.86,75,76,50.26999999999996,4.1
188,vardo,NO,2020-09-02 21:48:33,70.37,31.11,97,81,52.03399999999999,8.53
189,jamestown,US,2020-09-02 21:48:34,42.1,-79.24,1,93,69.27799999999996,3.1
190,harper,LR,2020-09-02 21:48:34,4.38,-7.72,76,88,75.46999999999997,3.8
191,arlit,NE,2020-09-02 21:48:34,18.74,7.39,6,34,92.37200000000004,3.23
192,maningrida,AU,2020-09-02 21:48:34,-12.07,134.27,1,55,85.94600000000005,5.95
193,namibe,AO,2020-09-02 21:48:34,-15.2,12.15,0,85,63.266000000000005,2.71
194,vila franca do campo,PT,2020-09-02 21:48:35,37.72,-25.43,75,73,73.66999999999996,2.6
195,kahului,US,2020-09-02 21:48:35,20.89,-156.47,40,55,88.06999999999996,10.8
196,yellowknife,CA,2020-09-02 21:48:35,62.46,-114.35,40,50,53.86999999999996,6.2
197,attawapiskat,,,,,,,,
198,lagoa,PT,2020-09-02 21:48:35,39.05,-27.98,5,80,73.11199999999997,2.27
199,gold coast,AU,2020-09-02 21:43:54,-28,153.43,13,60,77.26999999999995,7.7
200,havre-saint-pierre,CA,2020-09-02 21:48:36,50.23,-63.6,90,87,55.66999999999996,3.1
201,surman,LY,2020-09-02 21:48:36,32.76,12.57,48,80,79.91600000000001,5.79
202,gat,IL,2020-09-02 21:48:36,31.61,34.76,0,85,79.26799999999999,1.3
203,salalah,OM,2020-09-02 21:48:36,17.02,54.09,90,100,77.26999999999995,2.6
204,beloha,MG,2020-09-02 21:40:50,-25.17,45.05,3,73,56.33599999999997,3.3
205,cidreira,BR,2020-09-02 21:48:36,-30.18,-50.21,2,91,62.6,6.84
206,touros,BR,2020-09-02 21:48:37,-5.2,-35.46,40,88,73.66999999999996,3.1
207,grand river south east,,,,,,,,
208,atka,,,,,,,,
209,mtsamboro,YT,2020-09-02 21:48:37,-12.7,45.07,4,78,75.46999999999997,4.1
210,gisenyi,RW,2020-09-02 21:48:37,-1.7,29.26,74,49,63.76999999999996,1.27
211,bethel,US,2020-09-02 21:48:37,41.37,-73.41,40,94,73.66999999999996,3.6
212,mumbwa,ZM,2020-09-02 21:48:38,-14.98,27.06,96,73,59.07200000000004,4.04
213,manuk mangkaw,PH,2020-09-02 21:48:38,4.8,119.85,100,68,84.65,2.28
214,lata,PT,2020-09-02 21:48:38,40.16,-8.33,0,93,62.27599999999999,1
215,les cayes,HT,2020-09-02 21:48:38,18.2,-73.75,71,79,81.15800000000002,1.69
216,kaitangata,NZ,2020-09-02 21:48:38,-46.28,169.85,7,52,57.272000000000034,2.24
217,aswan,EG,2020-09-02 21:48:38,24.09,32.91,0,16,81.91400000000004,3.38
218,zhigansk,RU,2020-09-02 21:48:39,66.77,123.37,100,76,52.08800000000005,9.71
219,tuatapere,NZ,2020-09-02 21:48:39,-46.13,167.68,100,52,57.95600000000003,1.59
220,lahaina,US,2020-09-02 21:46:10,20.88,-156.68,20,48,88.06999999999996,5.1
221,forquilhinha,BR,2020-09-02 21:48:39,-28.75,-49.47,0,86,62.25800000000001,1.3
222,marawi,PH,2020-09-02 21:48:39,8,124.29,100,77,83.26400000000004,2.24
223,ponta delgada,PT,2020-09-02 21:48:40,37.73,-25.67,75,73,73.66999999999996,2.6
224,salta,AR,2020-09-02 21:48:40,-24.79,-65.41,0,61,50.26999999999996,0.61
225,severo-kurilsk,RU,2020-09-02 21:48:40,50.68,156.12,99,80,57.38000000000004,7.36
226,forestville,US,2020-09-02 21:48:40,38.85,-76.88,20,83,82.66999999999996,3.1
227,bahia honda,CU,2020-09-02 21:48:40,22.9,-83.16,100,88,82.076,5.56
228,beyneu,KZ,2020-09-02 21:48:41,45.32,55.2,0,31,74.53399999999999,3.19
229,loikaw,MM,2020-09-02 21:48:41,19.67,97.21,93,73,77.64800000000002,1
230,mahebourg,MU,2020-09-02 21:48:41,-20.41,57.7,75,94,68.26999999999995,1.5
231,urengoy,RU,2020-09-02 21:48:41,65.97,78.37,100,80,45.30199999999998,4.68
232,padre bernardo,BR,2020-09-02 21:48:41,-15.35,-48.5,0,37,69.11600000000001,2.68
233,nizhneyansk,,,,,,,,
234,nome,US,2020-09-02 21:48:42,64.5,-165.41,75,66,50.26999999999996,7.2
235,avarua,CK,2020-09-02 21:47:18,-21.21,-159.78,0,78,79.06999999999996,6.2
236,kapoeta,SS,2020-09-02 21:48:42,4.77,33.59,31,70,72.87799999999996,0.93
237,warqla,,,,,,,,
238,kropotkin,RU,2020-09-02 21:48:43,45.44,40.58,0,57,69.13399999999999,2.74
239,lagos,NG,2020-09-02 21:43:54,6.58,3.75,69,95,74.01199999999996,1.47
240,lucapa,AO,2020-09-02 21:48:43,-8.42,20.74,0,71,70.98800000000006,0.35
241,farroupilha,BR,2020-09-02 21:47:35,-29.23,-51.35,29,81,65.26400000000004,3.58
242,jacksonville,US,2020-09-02 21:48:21,30.33,-81.66,75,78,83.26400000000004,3.1
243,bintulu,MY,2020-09-02 21:48:43,3.17,113.03,20,88,80.86999999999996,2.6
244,kruisfontein,ZA,2020-09-02 21:48:43,-34,24.73,0,42,59.26999999999996,1.34
245,batagay-alyta,RU,2020-09-02 21:48:44,67.8,130.41,4,54,53.311999999999955,3.01
246,bulgan,MN,2020-09-02 21:48:44,48.81,103.53,99,57,61.969999999999956,2.2
247,sirjan,IR,2020-09-02 21:48:44,29.45,55.68,0,29,62.52799999999996,4.19
248,halifax,CA,2020-09-02 21:46:59,44.65,-63.57,75,100,62.27599999999999,3.6
249,northam,GB,2020-09-02 21:48:45,51.03,-4.22,100,98,65.26400000000004,2.68
250,gondanglegi,ID,2020-09-02 21:48:45,-7.75,112.01,52,53,87.69200000000001,4.34
251,iskateley,RU,2020-09-02 21:40:36,67.68,53.15,97,86,43.32200000000004,3.64
252,tabiauea,,,,,,,,
253,upernavik,GL,2020-09-02 21:48:45,72.79,-56.15,84,77,38.53399999999999,2.04
254,sishui,CN,2020-09-02 21:48:45,35.65,117.28,0,58,73.54399999999998,4.99
255,bantry,IE,2020-09-02 21:48:45,51.68,-9.45,40,93,57.469999999999956,3.1
256,samusu,,,,,,,,
257,alberton,CA,2020-09-02 21:48:46,46.82,-64.07,3,80,61.98800000000004,10.3
258,havoysund,NO,2020-09-02 21:48:46,71,24.66,100,71,52.069999999999965,5.1
259,ilulissat,GL,2020-09-02 21:48:46,69.22,-51.1,100,80,39.469999999999956,2.1
260,bairiki,KI,2020-09-02 21:48:46,1.33,172.98,20,70,89.86999999999996,5.7
261,padang,ID,2020-09-02 21:48:47,-0.95,100.35,86,67,83.69600000000005,0.35
262,solovetskiy,,,,,,,,
263,iqaluit,CA,2020-09-02 21:48:47,63.75,-68.51,90,100,39.469999999999956,2.6
264,narasannapeta,IN,2020-09-02 21:48:47,18.42,84.05,76,78,82.11199999999997,1.2
265,takoradi,GH,2020-09-02 21:48:47,4.88,-1.76,98,88,75.79399999999998,4.54
266,pitimbu,BR,2020-09-02 21:48:47,-7.47,-34.81,20,100,71.86999999999996,2.6
267,zorritos,PE,2020-09-02 21:48:48,-3.68,-80.68,85,71,70.01600000000002,4.89
268,dwarka,IN,2020-09-02 21:48:48,22.24,68.97,100,80,80.88800000000005,3.09
269,laguna,US,2020-09-02 21:48:48,38.42,-121.42,1,39,84.46999999999997,3.6
270,danville,US,2020-09-02 21:39:28,36.59,-79.39,40,88,80.27599999999998,1.91
271,satitoa,,,,,,,,
272,izoplit,RU,2020-09-02 21:48:49,56.63,36.22,3,91,51.27799999999996,3.3
273,ixtapa,MX,2020-09-02 21:48:49,20.7,-105.2,75,70,88.06999999999996,1.5
274,tzucacab,MX,2020-09-02 21:48:49,20.07,-89.05,90,95,75.88399999999999,1.66
275,tome,CL,2020-09-02 21:46:28,-36.62,-72.95,75,81,50.26999999999996,3.1
276,shelburne,CA,2020-09-02 21:48:49,44.08,-80.2,1,82,64.27400000000002,1.5
277,vallenar,CL,2020-09-02 21:40:46,-28.57,-70.76,0,48,56.78599999999997,1.43
278,guangzhou,CN,2020-09-02 21:48:50,23.12,113.25,14,31,99.266,3.67
279,kroya,ID,2020-09-02 21:48:50,-7.63,109.25,95,72,80.726,1.32
280,antofagasta,CL,2020-09-02 21:48:50,-23.65,-70.4,90,76,57.469999999999956,4.1
281,longyearbyen,SJ,2020-09-02 21:48:50,78.22,15.64,75,86,39.469999999999956,3.1
282,miri,MY,2020-09-02 21:48:51,4.41,114.01,20,79,84.46999999999997,1
283,constitucion,CL,2020-09-02 21:48:51,-35.33,-72.42,90,83,49.064000000000036,4.45
284,halmstad,SE,2020-09-02 21:48:51,56.67,12.86,37,93,52.069999999999965,1
285,college,US,2020-09-02 21:41:21,64.86,-147.8,75,58,57.469999999999956,2.1
286,mitsuke,JP,2020-09-02 21:48:51,37.53,138.93,0,46,100.27400000000002,2.7
287,tallahassee,US,2020-09-02 21:45:46,30.44,-84.28,1,74,84.46999999999997,1.5
288,qarqin,AF,2020-09-02 21:48:52,37.42,66.04,0,23,70.73599999999996,1.85
289,cherskiy,RU,2020-09-02 21:48:52,68.75,161.3,10,55,46.75999999999998,4.79
290,amderma,,,,,,,,
291,geraldton,AU,2020-09-02 21:48:52,-28.77,114.6,90,82,59.26999999999996,4.1
292,hunza,,,,,,,,
293,novobirilyussy,RU,2020-09-02 21:48:53,56.95,90.67,100,94,60.36799999999998,3.67
294,mirabad,AF,2020-09-02 21:48:53,30.44,61.84,0,21,73.09399999999997,8.16
295,baykit,RU,2020-09-02 21:48:53,61.67,96.37,46,67,53.34800000000003,2.5
296,cayenne,GF,2020-09-02 21:48:53,4.93,-52.33,0,88,79.06999999999996,1
297,toliary,,,,,,,,
298,kidal,ML,2020-09-02 21:48:53,18.44,1.41,100,64,80.76199999999996,6.16
299,acarau,BR,2020-09-02 21:40:54,-2.89,-40.12,0,69,80.86999999999996,3.1
300,boddam,GB,2020-09-02 21:48:54,57.47,-1.78,90,93,59.26999999999996,1.5
301,homer,US,2020-09-02 21:48:54,59.64,-151.55,90,71,53.86999999999996,3.1
302,myre,NO,2020-09-02 21:48:54,69.1,15.95,100,87,52.069999999999965,5.1
303,tombouctou,ML,2020-09-02 21:48:54,20,-3,100,38,94.118,12.07
304,ofunato,JP,2020-09-02 21:48:55,39.07,141.72,75,70,86.26999999999995,7.2
305,kununurra,AU,2020-09-02 21:48:55,-15.77,128.73,0,34,88.06999999999996,2.1
306,blois,FR,2020-09-02 21:48:55,47.58,1.33,79,87,57.272000000000034,1.97
307,port hardy,CA,2020-09-02 21:48:55,50.7,-127.42,75,77,61.069999999999965,3.1
308,sur,OM,2020-09-02 21:48:55,22.57,59.53,50,58,82.88599999999997,1.61
309,balkanabat,TM,2020-09-02 21:48:55,39.51,54.37,0,22,74.49800000000002,0.86
310,lorengau,PG,2020-09-02 21:48:56,-2.02,147.27,27,64,86.59399999999997,2.95
311,piacabucu,BR,2020-09-02 21:48:56,-10.41,-36.43,0,81,72.21199999999996,4.4
312,tilichiki,RU,2020-09-02 21:41:13,60.47,166.1,100,71,52.10600000000003,4.29
313,husavik,IS,2020-09-02 21:48:56,66.04,-17.34,90,87,43.06999999999996,5.7
314,gravdal,NO,2020-09-02 21:48:57,68.12,13.5,99,74,55.72400000000002,5.12
315,victoria,HK,2020-09-02 21:47:05,22.29,114.16,1,62,93.27200000000005,2.24
316,shitanjing,CN,2020-09-02 21:48:57,39.23,106.34,0,23,69.584,2.03
317,conselheiro lafaiete,BR,2020-09-02 21:48:57,-20.66,-43.79,0,93,58.26199999999996,1.48
318,aparecida do taboado,BR,2020-09-02 21:48:57,-20.09,-51.09,87,31,81.17599999999999,2.44
319,avera,US,2020-09-02 21:48:57,33.19,-82.53,1,68,82.66999999999996,1.5
320,manjacaze,MZ,2020-09-02 21:48:58,-24.71,33.88,0,90,56.317999999999984,1.4
321,inhambane,MZ,2020-09-02 21:48:58,-23.86,35.38,12,73,63.067999999999984,3.67
322,thunder bay,CA,2020-09-02 21:47:48,48.4,-89.32,75,67,61.26799999999999,1
323,pozo colorado,PY,2020-09-02 21:48:58,-23.49,-58.8,21,61,62.13200000000002,2.39
324,saint-louis,SN,2020-09-02 21:48:59,16.33,-15,42,68,80.63599999999997,3.44
325,baracoa,CU,2020-09-02 21:41:27,20.35,-74.5,20,85,81.30199999999998,3.71
326,yar-sale,RU,2020-09-02 21:48:59,66.83,70.83,100,86,45.59000000000002,6.86
327,cockburn town,TC,2020-09-02 21:48:18,21.46,-71.14,0,81,83.67799999999997,9.02
328,vestmannaeyjar,IS,2020-09-02 21:48:59,63.44,-20.27,100,88,50.75600000000003,2.44
329,alzey,DE,2020-09-02 21:48:59,49.75,8.12,1,90,56.26400000000004,1.13
330,aklavik,CA,2020-09-02 21:49:00,68.22,-135.01,75,87,52.069999999999965,1.05
331,senno,RU,2020-09-02 21:49:00,59.53,33.92,88,91,47.26400000000003,3.56
332,penon blanco,MX,2020-09-02 21:49:00,24.79,-104.04,89,62,70.43000000000004,8.12
333,hasaki,JP,2020-09-02 21:49:00,35.73,140.83,75,74,91.27400000000002,8.7
334,destin,US,2020-09-02 21:49:00,30.39,-86.5,1,74,84.46999999999997,1.5
335,arawa,PG,2020-09-02 21:49:01,-6.21,155.54,19,63,87.31400000000004,1.7
336,caravelas,BR,2020-09-02 21:49:01,-17.71,-39.25,10,87,70.592,4.09
337,hoi an,VN,2020-09-02 21:49:01,15.88,108.33,20,66,88.06999999999996,2.1
338,mwene-ditu,CD,2020-09-02 21:49:01,-7,23.45,12,73,70.06999999999996,0.47
339,san andres,CO,2020-09-02 21:40:03,12.58,-81.7,40,78,82.66999999999996,2.1
340,fenoarivo,MG,2020-09-02 21:49:01,-18.93,47.44,20,100,52.069999999999965,1
341,mildura,AU,2020-09-02 21:49:02,-34.2,142.15,99,30,68.26999999999995,5.7
342,tiksi,RU,2020-09-02 21:49:02,71.69,128.87,15,78,41.46799999999998,5.58
343,weston,US,2020-09-02 21:45:56,26.1,-80.4,40,84,86.26999999999995,4.1
344,pocoes,BR,2020-09-02 21:49:02,-14.53,-40.37,11,96,57.811999999999955,2.49
345,bushehr,IR,2020-09-02 21:49:02,28.97,50.84,0,58,86.26999999999995,3.64
346,sobolevo,RU,2020-09-02 21:49:03,54.43,31.9,100,83,58.87400000000001,5.53
347,umm durman,,,,,,,,
348,marcona,,,,,,,,
349,tura,IN,2020-09-02 21:49:03,25.52,90.22,93,87,79.23200000000003,1.93
350,chumikan,RU,2020-09-02 21:49:03,54.72,135.31,100,93,54.95,1.39
351,port macquarie,AU,2020-09-02 21:49:03,-31.43,152.92,0,55,83.26400000000004,4.95
352,saldanha,ZA,2020-09-02 21:49:04,-33.01,17.94,3,93,57.469999999999956,4.1
353,alta floresta,BR,2020-09-02 21:49:04,-9.88,-56.09,23,25,76.17200000000004,1.73
354,kingsland,US,2020-09-02 21:49:04,30.8,-81.69,40,88,83.26400000000004,4.1
355,bilibino,RU,2020-09-02 21:49:04,68.05,166.44,97,62,42.601999999999975,5
356,belushya guba,,,,,,,,
357,jacksonville beach,US,2020-09-02 21:49:05,30.29,-81.39,40,94,82.66999999999996,3.1
358,xifeng,CN,2020-09-02 21:49:05,42.74,124.72,100,95,62.54600000000005,5.97
359,holalkere,IN,2020-09-02 21:49:05,14.03,76.18,100,86,73.63399999999999,2.43
360,saint-joseph,RE,2020-09-02 21:49:05,-21.37,55.62,25,72,66.46999999999997,2.1
361,belaya gora,RU,2020-09-02 21:49:05,68.53,146.42,59,61,46.688000000000045,6.22
362,hofn,IS,2020-09-02 21:40:59,64.25,-15.21,100,77,51.00800000000001,8.34
363,san patricio,MX,2020-09-02 21:49:06,19.22,-104.7,20,79,86.26999999999995,4.1
364,soyo,AO,2020-09-02 21:49:06,-6.13,12.37,47,86,71.924,4.15
365,valparaiso,CL,2020-09-02 21:49:06,-33.04,-71.63,60,93,46.66999999999996,4.57
366,rio verde de mato grosso,BR,2020-09-02 21:49:07,-18.92,-54.84,0,44,76.316,2.98
367,mitsamiouli,KM,2020-09-02 21:49:07,-11.38,43.28,0,69,76.226,4.43
368,finschhafen,PG,2020-09-02 21:49:07,-6.6,147.87,100,88,76.83800000000005,3.45
369,san quintin,MX,2020-09-02 21:49:07,30.48,-115.95,0,82,69.368,5
370,vila do maio,CV,2020-09-02 21:49:07,15.13,-23.22,40,83,79.06999999999996,7.2
371,beringovskiy,RU,2020-09-02 21:41:17,63.05,179.32,80,65,47.67799999999996,3.87
372,eureka,US,2020-09-02 21:49:08,40.8,-124.16,66,86,62.27599999999999,0.89
373,cotonou,BJ,2020-09-02 21:49:08,6.37,2.42,90,94,77.26999999999995,6.2
374,fortuna,US,2020-09-02 21:48:06,40.6,-124.16,20,87,63.266000000000005,4.1
375,cedar city,US,2020-09-02 21:49:08,37.68,-113.06,1,11,84.46999999999997,5.1
376,hervey bay,AU,2020-09-02 21:49:08,-25.3,152.85,4,61,77.26999999999995,2.24
377,jalu,LY,2020-09-02 21:40:41,29.03,21.55,0,22,81.5,3.31
378,okha,RU,2020-09-02 21:49:09,53.57,142.95,83,78,62.653999999999954,2.04
379,tuy hoa,VN,2020-09-02 21:49:09,13.08,109.3,17,67,86.684,2.03
380,pecos,US,2020-09-02 21:47:14,31.42,-103.49,1,24,93.46999999999997,4.1
381,oranjemund,NA,2020-09-02 21:49:09,-28.55,16.43,0,59,52.80800000000001,2.94
382,phayuha khiri,TH,2020-09-02 21:49:09,15.46,100.14,32,72,85.13599999999997,1.4
383,shimoda,JP,2020-09-02 21:49:09,34.67,138.95,75,94,82.66999999999996,4.1
384,boa vista,BR,2020-09-02 21:49:10,2.82,-60.67,40,74,80.86999999999996,2.6
385,srandakan,ID,2020-09-02 21:49:10,-7.94,110.25,80,73,81.48200000000003,3.3
386,oistins,BB,2020-09-02 21:49:10,13.07,-59.53,75,83,79.06999999999996,13.4
387,khandyga,RU,2020-09-02 21:49:10,62.67,135.6,99,87,56.35399999999996,2.69
388,abha,SA,2020-09-02 21:49:10,18.22,42.51,46,68,66.46999999999997,2.1
389,bereda,ES,2020-09-02 21:49:11,43.27,-7.54,20,100,60.27799999999996,1.34
390,odesa,UA,2020-09-02 21:49:11,46.48,30.73,100,68,66.46999999999997,1.84
391,sibolga,ID,2020-09-02 21:49:11,1.74,98.78,85,63,83.984,0.33
392,pahrump,US,2020-09-02 21:46:25,36.21,-115.98,0,10,100.27400000000002,1.34
393,verkhnevilyuysk,RU,2020-09-02 21:49:11,63.45,120.32,73,80,59.359999999999985,3.01
394,alice springs,AU,2020-09-02 21:44:49,-23.7,133.88,0,20,79.06999999999996,3.6
395,bhimunipatnam,IN,2020-09-02 21:48:30,17.88,83.43,40,100,79.06999999999996,1
396,grand gaube,MU,2020-09-02 21:49:12,-20.01,57.66,82,89,69.27799999999996,0.45
397,moroni,KM,2020-09-02 21:49:12,-11.7,43.26,7,75,73.63399999999999,4.17
398,wonthaggi,AU,2020-09-02 21:49:12,-38.6,145.59,0,56,68.26999999999995,0.45
399,talcahuano,CL,2020-09-02 21:49:12,-36.72,-73.12,75,81,50.26999999999996,3.1
400,north bend,US,2020-09-02 21:49:13,43.41,-124.22,75,87,73.27400000000002,4.6
401,tibiao,PH,2020-09-02 21:49:13,11.29,122.04,100,67,85.69399999999997,1.6
402,ayolas,PY,2020-09-02 21:49:13,-27.4,-56.9,45,82,55.20199999999998,3.41
403,tricase,IT,2020-09-02 21:49:13,39.93,18.36,18,100,64.66999999999996,1.5
404,el dorado,US,2020-09-02 21:49:13,33.21,-92.67,1,88,79.06999999999996,1.37
405,tubinskiy,RU,2020-09-02 21:49:14,52.89,58.22,75,71,50.26999999999996,5
406,naryan-mar,RU,2020-09-02 21:49:14,67.67,53.09,98,86,43.39399999999997,3.65
407,mount isa,AU,2020-09-02 21:49:14,-20.73,139.5,0,19,86.26999999999995,5.7
408,gresham,US,2020-09-02 21:49:14,45.5,-122.43,1,40,88.26799999999999,4.6
409,nikolskoye,RU,2020-09-02 21:49:15,59.7,30.79,58,87,54.266000000000005,4
410,cangzhou,CN,2020-09-02 21:49:15,38.32,116.87,0,41,75.83000000000004,5.89
411,talara,PE,2020-09-02 21:49:15,-4.58,-81.27,2,82,62.690000000000026,9.33
412,amahai,ID,2020-09-02 21:49:15,-3.33,128.92,84,77,82.43599999999998,2.09
413,vao,NC,2020-09-02 21:49:15,-22.67,167.48,28,71,67.19000000000003,10.03
414,lazaro cardenas,MX,2020-09-02 21:45:12,17.96,-102.2,0,82,79.10600000000002,1.8
415,ankara,TR,2020-09-02 21:47:37,39.92,32.85,0,45,62.86999999999996,1.45
416,darlawn,IN,2020-09-02 21:49:16,24.02,92.9,75,94,75.46999999999997,1.5
417,mezhdurechensk,RU,2020-09-02 21:49:16,53.69,88.06,40,87,62.366000000000014,1.9
418,teahupoo,PF,2020-09-02 21:49:16,-17.83,-149.27,20,66,84.46999999999997,3.6
419,hambantota,LK,2020-09-02 21:49:16,6.12,81.12,40,100,73.66999999999996,0.5
420,kihei,US,2020-09-02 21:49:17,20.79,-156.47,40,55,88.06999999999996,10.8
421,kattivakkam,IN,2020-09-02 21:49:17,13.22,80.32,75,94,80.86999999999996,3.77
422,alyangula,AU,2020-09-02 21:49:17,-13.85,136.42,36,45,86.26999999999995,5.7
423,korba,IN,2020-09-02 21:49:17,22.35,82.68,55,84,77.558,1.01
424,faanui,PF,2020-09-02 21:49:17,-16.48,-151.75,48,80,78.00800000000001,8.45
425,ewa beach,US,2020-09-02 21:49:17,21.32,-158.01,75,51,88.06999999999996,3.6
426,pailon,BO,2020-09-02 21:49:18,-17.65,-62.75,0,63,64.66999999999996,2.6
427,marzuq,YE,2020-09-02 21:49:18,14.4,46.47,56,51,80.05999999999997,2.24
428,matara,LK,2020-09-02 21:49:18,5.95,80.54,81,81,80.69000000000003,4.78
429,valle hermoso,MX,2020-09-02 21:49:18,25.67,-97.83,20,70,88.06999999999996,6.2
430,kashi,CN,2020-09-02 21:49:18,39.45,75.98,40,29,75.46999999999997,3
431,cam ranh,VN,2020-09-02 21:49:19,11.92,109.16,20,66,89.86999999999996,0.49
432,bud,US,2020-09-02 21:49:19,39.45,-86.18,99,91,74.26400000000004,1.04
433,seoul,KR,2020-09-02 21:41:12,37.57,126.98,90,78,75.46999999999997,9.3
434,zaranj,AF,2020-09-02 21:49:19,30.97,61.88,0,20,74.87599999999999,10.15
435,maracaju,BR,2020-09-02 21:46:06,-21.61,-55.17,53,67,73.72400000000002,3.39
436,basoko,CD,2020-09-02 21:49:19,1.24,23.62,100,95,70.05199999999998,1.11
437,sagua la grande,CU,2020-09-02 21:46:40,22.81,-80.08,75,94,75.46999999999997,2.6
438,biak,ID,2020-09-02 21:41:23,-0.91,122.88,94,71,83.04800000000003,2.83
439,sarakhs,IR,2020-09-02 21:49:20,36.54,61.16,0,39,66.46999999999997,1
440,mareeba,AU,2020-09-02 21:49:20,-17,145.43,0,64,84.27200000000005,2.24
441,labytnangi,RU,2020-09-02 21:49:20,66.66,66.42,97,82,47.94800000000002,3.89
442,nizwa,OM,2020-09-02 21:49:20,22.93,57.53,24,42,82.27400000000002,0.51
443,imperatriz,BR,2020-09-02 21:47:53,-5.53,-47.49,22,38,77.97200000000004,1.9
444,vila,PT,2020-09-02 21:49:21,42.03,-8.16,0,82,60.27799999999996,0.45
445,egvekinot,RU,2020-09-02 21:40:49,66.32,-179.17,100,75,39.25399999999995,0.79
446,palpa,PE,2020-09-02 21:49:21,-14.53,-75.19,3,78,56.24600000000005,0.96
447,shakawe,BW,2020-09-02 21:49:21,-18.37,21.85,29,46,67.00999999999999,1.71
448,banska bystrica,SK,2020-09-02 21:49:21,48.5,19.5,20,93,51.27799999999996,1.39
449,alekseyevsk,RU,2020-09-02 21:49:21,57.84,108.35,89,80,58.31600000000001,3.98
450,benjamin aceval,PY,2020-09-02 21:49:22,-24.97,-57.57,40,67,59.26999999999996,2.6
451,ayios matthaios,,,,,,,,
452,pilao arcado,,,,,,,,
453,kyshtovka,RU,2020-09-02 21:49:22,56.55,76.63,100,92,53.906000000000034,6.75
454,viedma,AR,2020-09-02 21:49:23,-40.81,-63,50,64,46.291999999999994,6.37
455,reyes,BO,2020-09-02 21:49:23,-14.32,-67.38,1,61,74.94800000000004,1.39
456,gambela,ET,2020-09-02 21:49:23,8.25,34.58,100,88,70.66400000000004,3.14
457,rincon,US,2020-09-02 21:48:39,32.3,-81.24,90,74,84.46999999999997,2.12
458,avigliana,IT,2020-09-02 21:49:23,45.08,7.4,64,90,63.266000000000005,2.16
459,chicama,PE,2020-09-02 21:49:18,-7.84,-79.15,11,82,59.684,2.24
460,ulaanbaatar,MN,2020-09-02 21:45:09,47.91,106.88,75,81,50.26999999999996,1.27
461,yulara,AU,2020-09-02 21:49:24,-25.24,130.99,0,16,75.46999999999997,4.6
462,lawrenceburg,US,2020-09-02 21:49:24,38.04,-84.9,90,83,79.06999999999996,1.09
463,skagastrond,,,,,,,,
464,clyde river,CA,2020-09-02 21:49:24,70.47,-68.59,90,86,41.26999999999996,4.6
465,coihaique,CL,2020-09-02 21:49:24,-45.58,-72.07,40,75,41.26999999999996,2.6
466,ahipara,NZ,2020-09-02 21:49:24,-35.17,173.17,50,63,57.056000000000026,7.82
467,hinche,HT,2020-09-02 21:49:25,19.15,-72.02,0,83,80.86999999999996,2.1
468,isangel,VU,2020-09-02 21:49:25,-19.55,169.27,75,64,75.46999999999997,5.1
469,sao jose da coroa grande,BR,2020-09-02 21:41:00,-8.9,-35.15,1,83,73.23800000000006,4.35
470,tual,ID,2020-09-02 21:49:25,-5.67,132.75,96,82,80.00600000000003,7.88
471,nuevo ideal,MX,2020-09-02 21:49:25,24.89,-105.07,100,69,67.80199999999998,1.79
472,bonthe,SL,2020-09-02 21:49:25,7.53,-12.51,98,84,76.208,3.59
473,bulancak,TR,2020-09-02 21:49:26,40.94,38.23,40,100,75.46999999999997,1
474,port augusta,AU,2020-09-02 21:40:43,-32.5,137.77,0,34,68.26999999999995,5.7
475,khani,GE,2020-09-02 21:49:26,41.96,42.96,99,100,70.06999999999996,2.6
476,rocha,UY,2020-09-02 21:49:26,-34.48,-54.33,99,90,57.83000000000004,7.13
477,cairns,AU,2020-09-02 21:46:40,-16.92,145.77,40,48,84.27200000000005,7.2
478,jackson,US,2020-09-02 21:46:04,42.42,-122.83,1,18,102.46999999999996,5.1
479,el alto,PE,2020-09-02 21:49:27,-4.27,-81.21,3,84,61.03399999999999,9.46
480,lethem,GY,2020-09-02 21:49:27,3.38,-59.8,0,78,78.674,1.73
481,fort wellington,GY,2020-09-02 21:49:27,6.4,-57.6,0,86,79.88000000000005,4.6
482,qaqortoq,GL,2020-09-02 21:49:27,60.72,-46.03,0,48,44.86999999999996,2.1
483,derzhavinsk,KZ,2020-09-02 21:41:23,51.1,66.32,100,66,56.48000000000005,9.34
484,upleta,IN,2020-09-02 21:49:28,21.73,70.28,100,86,78.83599999999997,1.48
485,araouane,ML,2020-09-02 21:40:51,18.9,-3.53,79,42,91.076,7.51
486,brae,GB,2020-09-02 21:41:27,60.4,-1.35,69,93,55.66999999999996,6.7
487,korla,CN,2020-09-02 21:49:28,41.76,86.15,56,18,83.03000000000004,2.52
488,ust-omchug,RU,2020-09-02 21:41:24,61.15,149.63,100,59,49.49600000000005,1.27
489,tabou,CI,2020-09-02 21:49:28,4.42,-7.35,85,88,75.52400000000002,3.64
490,san jose,US,2020-09-02 21:48:15,37.34,-121.89,75,56,71.86999999999996,5.7
491,bandarbeyla,SO,2020-09-02 21:49:29,9.49,50.81,19,75,77.32400000000001,8.41
492,boca do acre,BR,2020-09-02 21:49:29,-8.75,-67.4,89,51,80.6,1.03
493,barentu,ER,2020-09-02 21:49:29,15.11,37.59,0,89,70.86199999999997,1.55
494,hillsborough,US,2020-09-02 21:49:29,37.57,-122.38,20,68,69.27799999999996,9.3
495,belmonte,BR,2020-09-02 21:49:30,-15.86,-38.88,20,69,73.66999999999996,3.1
496,dunedin,NZ,2020-09-02 21:49:30,-45.87,170.5,30,62,55.274000000000015,3.58
497,malibu,US,2020-09-02 21:49:30,34.01,-118.81,0,91,69.27799999999996,1.79
498,fernie,CA,2020-09-02 21:49:30,49.5,-115.07,20,26,75.46999999999997,3.6
499,sananduva,BR,2020-09-02 21:49:30,-27.95,-51.81,41,94,62.52799999999996,3.09
500,durango,MX,2020-09-02 21:44:59,24.83,-104.83,100,64,68.97200000000004,1.79
501,karaton,ID,2020-09-02 21:49:31,-6.34,106.1,20,78,87.27799999999996,2.6
502,alamosa,US,2020-09-02 21:49:31,37.47,-105.87,1,21,79.06999999999996,2.94
503,marsa matruh,EG,2020-09-02 21:45:23,31.35,27.25,0,84,77.26999999999995,3.85
504,gairo,IT,2020-09-02 21:49:31,39.85,9.5,0,64,70.06999999999996,6.2
505,volot,RU,2020-09-02 21:49:31,57.93,30.7,100,86,54.95,3.64
506,carutapera,BR,2020-09-02 21:49:32,-1.2,-46.02,64,86,77.14399999999998,2.66
507,saint-gilles,FR,2020-09-02 21:49:32,43.68,4.43,52,59,64.66999999999996,3.1
508,salto,UY,2020-09-02 21:49:32,-31.38,-57.97,73,91,51.27799999999996,1.34
509,constantine,DZ,2020-09-02 21:47:25,36.37,6.61,40,82,62.86999999999996,1.34
510,pochutla,MX,2020-09-02 21:49:32,15.74,-96.47,3,77,81.26600000000002,0.45
511,ylivieska,FI,2020-09-02 21:49:33,64.08,24.55,0,93,52.26799999999999,2.36
512,porto de moz,BR,2020-09-02 21:49:33,-1.75,-52.24,1,63,77.88200000000002,1.92
513,bat khela,PK,2020-09-02 21:49:33,34.62,71.97,80,69,75.39800000000002,0.96
514,pachino,IT,2020-09-02 21:49:33,36.72,15.09,48,81,75.27200000000005,2.43
515,nampula,MZ,2020-09-02 21:49:33,-15.12,39.27,75,88,68.26999999999995,4.1
516,adrar,MR,2020-09-02 21:49:34,20.5,-10.07,100,47,85.24399999999997,4.63
517,shache,CN,2020-09-02 21:49:34,38.42,77.24,0,19,75.86600000000001,1.3
518,bowmore,US,2020-09-02 21:49:34,34.94,-79.3,1,83,85.26199999999996,2.1
519,tungor,RU,2020-09-02 21:49:34,53.38,142.96,87,79,63.33800000000005,2.1
520,birao,CF,2020-09-02 21:49:35,10.28,22.79,100,97,68.108,3.15
521,leh,IN,2020-09-02 21:49:35,34.17,77.58,4,47,58.85600000000003,2.79
522,dorchester,US,2020-09-02 21:49:35,33.1,-80.38,1,89,84.46999999999997,2.43
523,zhangye,CN,2020-09-02 21:49:35,38.93,100.45,0,20,73.00399999999996,0.19
524,manokwari,ID,2020-09-02 21:49:35,-0.87,134.08,100,66,83.96600000000001,2.41
525,huarmey,PE,2020-09-02 21:49:35,-10.07,-78.15,0,85,60.13399999999999,3.67
526,omboue,GA,2020-09-02 21:41:13,-1.57,9.26,100,85,74.15600000000003,3.54
527,chapais,CA,2020-09-02 21:40:50,49.78,-74.85,75,100,53.86999999999996,4.1
528,yuzhno-yeniseyskiy,,,,,,,,
529,kumluca,TR,2020-09-02 21:49:36,36.37,30.29,0,29,85.15399999999995,1.71
530,porto santo,PT,2020-09-02 21:49:36,33.07,-16.34,40,73,70.06999999999996,2.6
531,cap-aux-meules,CA,2020-09-02 21:49:36,47.38,-61.86,20,77,61.069999999999965,8.7
532,pangody,RU,2020-09-02 21:40:42,65.85,74.49,100,79,45.35600000000003,6.01
533,slave lake,CA,2020-09-02 21:49:37,55.28,-114.77,90,67,57.469999999999956,4.6
534,batagay,RU,2020-09-02 21:49:37,67.63,134.63,2,37,59.32400000000001,1.8
535,maldonado,UY,2020-09-02 21:45:26,-34.67,-54.92,90,100,54.266000000000005,1
536,great yarmouth,GB,2020-09-02 21:49:37,52.61,1.73,100,99,60.27799999999996,3.58
537,juneau,US,2020-09-02 21:49:37,58.3,-134.42,90,87,54.266000000000005,5.7
538,rio gallegos,AR,2020-09-02 21:49:38,-51.62,-69.22,36,64,37.66999999999996,4.6
539,yomitan,,,,,,,,
540,lolua,,,,,,,,
541,frantiskovy lazne,CZ,2020-09-02 21:49:38,50.12,12.35,14,98,49.26199999999996,1.17
542,berdigestyakh,RU,2020-09-02 21:49:38,62.1,126.7,100,52,63.5,3.82
543,stonehouse,GB,2020-09-02 21:49:38,51.75,-2.28,100,95,62.27599999999999,2.68
544,nishihara,JP,2020-09-02 21:48:25,26.18,127.76,40,74,88.06999999999996,3.1
545,ulaangom,MN,2020-09-02 21:49:39,49.98,92.07,0,44,66.36199999999997,2.05
546,coahuayana,MX,2020-09-02 21:49:39,18.73,-103.68,75,83,77.26999999999995,5.1
547,caraquet,CA,2020-09-02 21:49:39,47.79,-64.94,1,68,66.46999999999997,6.7
548,troitskoye,RU,2020-09-02 21:49:39,52.98,84.68,46,53,71.34800000000003,4.85
549,pacific grove,US,2020-09-02 21:49:39,36.62,-121.92,1,60,70.06999999999996,4.6
550,zyryanka,RU,2020-09-02 21:49:40,65.75,150.85,0,45,52.627999999999965,0.82
551,unye,,,,,,,,
552,brewster,US,2020-09-02 21:49:40,41.4,-73.62,40,94,75.27200000000005,3.6
553,kiunga,PG,2020-09-02 21:49:40,-6.12,141.29,54,83,83.44399999999997,1.27
554,waynesville,US,2020-09-02 21:46:40,35.49,-82.99,10,80,71.27599999999998,1.34
555,neftegorsk,RU,2020-09-02 21:49:40,52.8,51.17,0,77,47.11999999999996,4.67
556,saint anthony,US,2020-09-02 21:49:41,45.02,-93.22,1,40,74.26400000000004,3.6
557,namatanai,PG,2020-09-02 21:49:41,-3.67,152.43,7,64,86.558,0.95
558,dubai,AE,2020-09-02 21:37:06,25.26,55.3,0,59,89.86999999999996,1.5
559,galt,US,2020-09-02 21:49:11,38.25,-121.3,0,46,83.26400000000004,1.34
560,scarborough,GB,2020-09-02 21:45:03,54.28,-0.4,89,93,60.27799999999996,1.34
561,bharatpur,IN,2020-09-02 21:49:41,27.22,77.48,40,100,80.86999999999996,1.5
562,semirom,IR,2020-09-02 21:49:42,31.42,51.57,0,52,45.57200000000004,1.16
563,tezu,IN,2020-09-02 21:49:42,27.92,96.17,73,70,82.56199999999995,0.58
564,solnechnyy,RU,2020-09-02 21:49:42,50.72,136.63,80,65,72.66199999999995,2.19
565,jurado,CO,2020-09-02 21:47:15,7.11,-77.76,98,85,76.67599999999999,1.1
566,saint-augustin,CA,2020-09-02 21:49:42,51.23,-58.65,19,90,54.5,6.82
567,tessalit,ML,2020-09-02 21:49:42,20.2,1.01,0,41,90.48200000000003,5.96
568,flin flon,CA,2020-09-02 21:49:43,54.77,-101.86,10,64,47.372000000000035,3.98
569,mumford,GH,2020-09-02 21:49:43,5.26,-0.76,100,93,74.65999999999998,4.53
570,puerto escondido,MX,2020-09-02 21:49:43,15.85,-97.07,40,61,82.66999999999996,3.1
571,merauke,ID,2020-09-02 21:49:43,-8.47,140.33,24,72,83.31799999999998,7.51
572,tokur,RU,2020-09-02 21:49:44,53.13,132.9,100,84,61.592,0.97
573,sinnamary,GF,2020-09-02 21:49:44,5.38,-52.95,1,84,79.30399999999995,5.14
574,karymskoye,RU,2020-09-02 21:49:44,51.62,114.35,28,56,65.13800000000005,2.42
575,sisimiut,GL,2020-09-02 21:49:44,66.94,-53.67,57,74,41.917999999999985,1.99
576,galle,LK,2020-09-02 21:49:44,6.04,80.22,73,82,80.97799999999997,5.45
577,chalons-en-champagne,FR,2020-09-02 21:49:45,48.95,4.37,98,71,52.069999999999965,2.1
578,francistown,BW,2020-09-02 21:49:45,-21.17,27.51,7,88,54.877999999999965,5.36
579,richards bay,ZA,2020-09-02 21:40:55,-28.78,32.04,0,72,63.608000000000004,7.97
580,campbell river,CA,2020-09-02 21:49:45,50.02,-125.24,20,53,73.66999999999996,2.92
581,thai binh,VN,2020-09-02 21:49:45,20.45,106.33,20,79,88.06999999999996,1.3
582,trofaiach,AT,2020-09-02 21:49:46,47.42,15,53,41,57.272000000000034,0.45
583,stokmarknes,NO,2020-09-02 21:49:46,68.56,14.91,89,75,51.27799999999996,8.49
584,halalo,,,,,,,,
585,garissa,KE,2020-09-02 21:49:46,-0.45,39.64,30,82,71.13200000000002,4.46
586,japura,ID,2020-09-02 21:49:46,-0.32,102.35,89,81,81.03200000000001,1.45
587,bani,DO,2020-09-02 21:46:47,18.28,-70.33,2,81,79.26799999999999,1.34
588,sistranda,NO,2020-09-02 21:49:46,63.73,8.83,0,62,59.26999999999996,5.7
589,katra,IN,2020-09-02 21:49:47,32.98,74.95,75,89,84.46999999999997,0.5
590,bathsheba,BB,2020-09-02 21:40:21,13.22,-59.52,75,83,79.06999999999996,13.4
591,kavieng,PG,2020-09-02 21:49:47,-2.57,150.8,100,64,85.04600000000005,1.73
592,bongandanga,CD,2020-09-02 21:49:47,1.5,21.05,92,99,67.208,0.31
593,erenhot,CN,2020-09-02 21:40:47,43.65,111.98,0,35,64.38200000000002,3.96
594,panjab,AF,2020-09-02 21:49:48,34.39,67.02,0,58,45.03200000000002,2.28
595,flinders,AU,2020-09-02 21:49:48,-34.58,150.86,22,47,80.27599999999998,4.47
596,codajas,BR,2020-09-02 21:49:12,-3.84,-62.06,66,58,81.69800000000004,0.79
597,goedereede,NL,2020-09-02 21:49:48,51.82,3.98,100,87,60.27799999999996,8.06
598,luorong,CN,2020-09-02 21:49:48,24.41,109.61,95,58,86.19800000000004,3.13
599,palana,RU,2020-09-02 21:49:48,59.12,159.97,5,69,50.73800000000004,4.83
600,kaduy,RU,2020-09-02 21:49:49,59.2,37.15,0,95,48.95600000000003,2.57
601,senanga,ZM,2020-09-02 21:49:49,-16.12,23.27,47,43,67.71199999999996,3.41
602,cloquet,US,2020-09-02 21:49:49,46.72,-92.46,40,63,64.66999999999996,1.5
603,talnakh,RU,2020-09-02 21:48:18,69.49,88.4,95,100,37.66999999999996,4
604,terney,RU,2020-09-02 21:49:49,45.05,136.61,100,92,66.66799999999998,4.43
605,talaya,RU,2020-09-02 21:49:49,61.38,152.75,100,51,48.650000000000006,3.18
